{"loss": 0.10695913434028625, "_timestamp": 1704473395.5490031, "_runtime": 8.072224140167236, "_step": 4, "_wandb": {"runtime": 7}}