{"loss": 0.15365639328956604, "_timestamp": 1704473642.8758261, "_runtime": 13.47761607170105, "_step": 4, "_wandb": {"runtime": 7}}